Categoria,Funcionalidade Detalhada,Google Tasks,Microsoft To Do
"Gestão Básica","Criação de listas ilimitadas","✅ Sim","✅ Sim"
"Gestão Básica","Subtarefas / Etapas","✅ Sim (Permite recuo infinito de subtarefas)","✅ Sim (Limitado a 25 etapas por tarefa)"
"Gestão Básica","Reconhecimento de linguagem natural","❌ Não","✅ Sim (Ex: Escrever 'amanhã' agenda a data automaticamente)"
"Gestão Básica","Datas de Vencimento","✅ Sim","✅ Sim"
"Gestão Básica","Lembretes baseados em horário","✅ Sim","✅ Sim"
"Gestão Básica","Tarefas Recorrentes (Opções)","✅ Sim (Diário, Semanal, Mensal, Anual, Personalizado)","✅ Sim (Inclui opção extra para 'Dias Úteis')"
"Gestão Básica","Anotações em texto (Descrições)","✅ Sim (Apenas texto simples)","✅ Sim (Apenas texto simples)"
"Gestão Básica","Desfazer ação (Ctrl+Z / Undo)","✅ Sim (Aviso flutuante temporário)","✅ Sim"
"Organização e Foco","Visão 'O Meu Dia' (Foco Diário)","❌ Não","✅ Sim (Lista inteligente que zera à meia-noite)"
"Organização e Foco","Sugestões Inteligentes","❌ Não","✅ Sim (Sugere tarefas em atraso ou relevantes)"
"Organização e Foco","Pastas / Grupos de Listas","❌ Não","✅ Sim (Ideal para organizar múltiplos projetos)"
"Organização e Foco","Uso de Tags / Hashtags (#)","❌ Não","✅ Sim (Cria filtros globais clicáveis em todas as listas)"
"Organização e Foco","Pesquisa / Busca de Tarefas","❌ Não (Depende da barra de pesquisa do Gmail)","✅ Sim (Pesquisa global super rápida na própria app)"
"Organização e Foco","Critérios de Ordenação","✅ Sim (Apenas por Data ou Ordem Manual)","✅ Sim (Por Importância, Data, Alfabética, Criação e Meu Dia)"
"Organização e Foco","Prioridade (Sinalizar como Importante)","✅ Sim (Ícone de Estrela)","✅ Sim (Ícone de Estrela)"
"Organização e Foco","Impressão de listas","✅ Sim","✅ Sim"
"Colaboração e Ficheiros","Partilha de Listas com Terceiros","❌ Não (Ferramenta estritamente individual)","✅ Sim (Através de link de convite gerado)"
"Colaboração e Ficheiros","Atribuir tarefas a membros","❌ Não","✅ Sim (Apenas dentro de listas partilhadas)"
"Colaboração e Ficheiros","Notificações de conclusão pela equipa","❌ Não","✅ Sim (Notificações push e por e-mail)"
"Colaboração e Ficheiros","Anexar Ficheiros (PDF, Word, Excel)","❌ Não","✅ Sim (Limite generoso de 25MB por ficheiro anexado)"
"Colaboração e Ficheiros","Anexar Fotos / Imagens da Câmara","❌ Não","✅ Sim"
"Ecossistema e Integrações","Transformar E-mail em Tarefa","✅ Sim (Basta arrastar o e-mail no Gmail)","✅ Sim (Basta sinalizar o e-mail no Outlook)"
"Ecossistema e Integrações","Sincronização de Calendário","✅ Sim (Aparece nativamente no Google Agenda)","✅ Sim (Aparece nativamente no Outlook Calendar)"
"Ecossistema e Integrações","Painel Lateral Integrado","✅ Sim (Disponível no Gmail, Docs, Sheets, Drive)","✅ Sim (Disponível no Outlook Web)"
"Ecossistema e Integrações","Integração com Gestão de Projetos","❌ Não","✅ Sim (Tarefas atribuídas no Microsoft Planner aparecem aqui)"
"Ecossistema e Integrações","Integração com Automações (Zapier/Make)","✅ Sim","✅ Sim"
"Ecossistema e Integrações","Criação de tarefas via Assistente de Voz","✅ Sim (Google Assistant)","✅ Sim (Siri e Microsoft Cortana)"
"Plataformas e Acessibilidade","Funcionamento Offline","✅ Sim (Com limitações de sincronização)","✅ Sim (Sincroniza automaticamente ao restabelecer a ligação)"
"Plataformas e Acessibilidade","Aplicação Web (Browser)","✅ Sim","✅ Sim"
"Plataformas e Acessibilidade","Aplicação Mobile (Android / iOS)","✅ Sim","✅ Sim"
"Plataformas e Acessibilidade","Aplicação Nativa para Windows","❌ Não (Apenas Web App / PWA)","✅ Sim (App dedicada na Microsoft Store)"
"Plataformas e Acessibilidade","Aplicação Nativa para macOS","❌ Não","✅ Sim (App dedicada na Mac App Store)"
"Plataformas e Acessibilidade","Widgets para ecrã inicial do telemóvel","✅ Sim","✅ Sim"
"Plataformas e Acessibilidade","Suporte a Smartwatches","❌ Não","✅ Sim (Possui app para Apple Watch)"
"Visual, UX e Dados","Personalização de Cores das Listas","❌ Não","✅ Sim"
"Visual, UX e Dados","Imagens de Fundo nas Listas","❌ Não","✅ Sim (Várias opções de fotos e texturas)"
"Visual, UX e Dados","Modo Escuro (Dark Mode)","✅ Sim","✅ Sim"
"Visual, UX e Dados","Gamificação (Som de conclusão)","❌ Não","✅ Sim (Emite som satisfatório ao concluir tarefa)"
"Visual, UX e Dados","Ocultar tarefas já concluídas","✅ Sim","✅ Sim"
"Visual, UX e Dados","Exportação de Dados / Backup","✅ Sim (Através da ferramenta Google Takeout)","✅ Sim (Através das definições da conta Microsoft)"
